Código do Item,Descrição do Item,Grupo,Classe,PDM,Status,Sustentável
43,"METRALHADORAS , METRALHADORAS NOME",10: ARMAMENTO                                                                                                               ,1005: ARMAS DE FOGO DE CALIBRE ATÉ 30MM                                                                                       ,09707: METRALHADORAS                                                                                       ,Ativo,Não
86,"PISTOLA , PISTOLAS NOME",10: ARMAMENTO                                                                                                               ,1005: ARMAS DE FOGO DE CALIBRE ATÉ 30MM                                                                                       ,10799: PISTOLA                                                                                             ,Ativo,Não
108,"FUZIS , FUZIS NOME",10: ARMAMENTO                                                                                                               ,1005: ARMAS DE FOGO DE CALIBRE ATÉ 30MM                                                                                       ,07889: FUZIS                                                                                               ,Ativo,Não
116,"RIFLES , RIFLES NOME",10: ARMAMENTO                                                                                                               ,1005: ARMAS DE FOGO DE CALIBRE ATÉ 30MM                                                                                       ,11747: RIFLES                                                                                              ,Ativo,Não
132,"TAMBORES , TAMBORES NOME",10: ARMAMENTO                                                                                                               ,1005: ARMAS DE FOGO DE CALIBRE ATÉ 30MM                                                                                       ,12505: TAMBORES                                                                                            ,Ativo,Não
159,"SILENCIADORES , SILENCIADORES NOME",10: ARMAMENTO                                                                                                               ,1005: ARMAS DE FOGO DE CALIBRE ATÉ 30MM                                                                                       ,12060: SILENCIADORES                                                                                       ,Ativo,Não
230,"BAINHA FACÃO CAÇA , BAINHAS PARA FACOES DE CACA NOME",10: ARMAMENTO                                                                                                               ,1095: ARMAMENTOS DIVERSOS                                                                                                     ,03204: BAINHA FACÃO CAÇA                                                                                   ,Ativo,Não
248,"LANCADORES DE GRANADA DE CARTUCHOS COMPLETO PARA ARMAS DE FOGO DE CALIBRE ACIMA DE 30MM ATE 75MM , LANCADORES DE GRANADA DE CARTUCHOS COMPL NOME",10: ARMAMENTO                                                                                                               ,1010: ARMAS DE FOGO DE CALIBRE ACIMA DE 30MM ATÉ 75MM                                                                         ,08690: LANCADORES DE GRANADA DE CARTUCHOS COMPLETO PARA ARMAS DE FOGO DE CALIBRE ACIMA DE 30MM ATE 75MM    ,Inativo,Não
256,"FACOES DE CACA , FACOES DE CACA NOME",10: ARMAMENTO                                                                                                               ,1095: ARMAMENTOS DIVERSOS                                                                                                     ,07282: FACOES DE CACA                                                                                      ,Ativo,Não
264,"ESPINGARDAS PARA CACA SUBMARINA , ESPINGARDAS PARA CACA SUBMARINA NOME",10: ARMAMENTO                                                                                                               ,1095: ARMAMENTOS DIVERSOS                                                                                                     ,07019: ESPINGARDAS PARA CACA SUBMARINA                                                                     ,Ativo,Não
442,"ESTOJO DE LIMPEZA DE ARMA , ESTOJO DE LIMPEZA DE ARMA NOME",10: ARMAMENTO                                                                                                               ,1095: ARMAMENTOS DIVERSOS                                                                                                     ,07155: ESTOJO DE LIMPEZA DE ARMA                                                                           ,Ativo,Não
23000,"FOLE PARA CANHAO , FOLE PARA CANHAO NOME",10: ARMAMENTO                                                                                                               ,1095: ARMAMENTOS DIVERSOS                                                                                                     ,07688: FOLE PARA CANHAO                                                                                    ,Ativo,Não
34231,"MECANISMOS DE CULATRA PARA ARMAS DE CALIBRE ACIMA DE 30MM ATE 75MM , MECANISMOS DE CULATRA PARA ARMAS DE CALI NOME",10: ARMAMENTO                                                                                                               ,1010: ARMAS DE FOGO DE CALIBRE ACIMA DE 30MM ATÉ 75MM                                                                         ,09520: MECANISMOS DE CULATRA PARA ARMAS DE CALIBRE ACIMA DE 30MM ATE 75MM                                  ,Ativo,Não
34240,"SUPORTE DE ARMAS DE CALIBRE ACIMA DE 30MM ATE 75MM , SUPORTE DE ARMAS DE CALIBRE ACIMA DE 30M NOME",10: ARMAMENTO                                                                                                               ,1010: ARMAS DE FOGO DE CALIBRE ACIMA DE 30MM ATÉ 75MM                                                                         ,12377: SUPORTE DE ARMAS DE CALIBRE ACIMA DE 30MM ATE 75MM                                                  ,Ativo,Não
34258,"LANCADORES DE FOGUETES AEROTRANSPORTADOS , LANCADORES DE FOGUETES AEROTRANSPORTADOS NOME",10: ARMAMENTO                                                                                                               ,1055: LANÇADORES DE FOGUETES E PIROTÉCNICOS                                                                                   ,08689: LANCADORES DE FOGUETES AEROTRANSPORTADOS                                                            ,Ativo,Não
45896,"METRALHADORA / COMPONENTE , METRALHADORA / COMPONENTE NOME",10: ARMAMENTO                                                                                                               ,1005: ARMAS DE FOGO DE CALIBRE ATÉ 30MM                                                                                       ,09706: METRALHADORA / COMPONENTE                                                                           ,Inativo,Não
45934,"LANCADORES DE CARREGAMENTO SIMPLES PARA ARMAS DE FOGO DE CALIBRE ACIMA DE 30MM ATE 75MM , LANCADORES DE CARREGAMENTO SIMPLES PARA NOME",10: ARMAMENTO                                                                                                               ,1010: ARMAS DE FOGO DE CALIBRE ACIMA DE 30MM ATÉ 75MM                                                                         ,08687: LANCADORES DE CARREGAMENTO SIMPLES PARA ARMAS DE FOGO DE CALIBRE ACIMA DE 30MM ATE 75MM             ,Ativo,Não
45942,"LANCADORES DE GRANADAS DE CARREGAMENTO AUTOMATICO PARA ARMAS DE FOG DE CALIB ACIMA DE 30MM ATE 75MM , LANCADORES DE GRANADAS DE CARREGAMENTO A NOME",10: ARMAMENTO                                                                                                               ,1010: ARMAS DE FOGO DE CALIBRE ACIMA DE 30MM ATÉ 75MM                                                                         ,08691: LANCADORES DE GRANADAS DE CARREGAMENTO AUTOMATICO PARA ARMAS DE FOG DE CALIB ACIMA DE 30MM ATE 75MM ,Ativo,Não
45950,"LANCADORES DE DE TIROS AUTOMATICOS PARA ARMAS DE FOGO DE CALIBRE ACIMA DE 30MM ATE 75MM , LANCADORES DE DE TIROS AUTOMATICOS PARA NOME",10: ARMAMENTO                                                                                                               ,1010: ARMAS DE FOGO DE CALIBRE ACIMA DE 30MM ATÉ 75MM                                                                         ,08688: LANCADORES DE DE TIROS AUTOMATICOS PARA ARMAS DE FOGO DE CALIBRE ACIMA DE 30MM ATE 75MM             ,Ativo,Não
45969,"MECANISMOS DE CULATRAS PARA ARMAS DE CALIBRE ACIMA DE 75MM ATE 125MM , MECANISMOS DE CULATRAS PARA ARMAS DE CAL NOME",10: ARMAMENTO                                                                                                               ,1015: ARMAS DE FOGO DE CALIBRE ACIMA DE 75MM ATÉ 125MM                                                                        ,09523: MECANISMOS DE CULATRAS PARA ARMAS DE CALIBRE ACIMA DE 75MM ATE 125MM                                ,Ativo,Não
45977,"SUPORTE PARA ARMAS DE CALIBRE ACIMA DE 75MM ATE 125MM , SUPORTE PARA ARMAS DE CALIBRE ACIMA DE 7 NOME",10: ARMAMENTO                                                                                                               ,1015: ARMAS DE FOGO DE CALIBRE ACIMA DE 75MM ATÉ 125MM                                                                        ,12409: SUPORTE PARA ARMAS DE CALIBRE ACIMA DE 75MM ATE 125MM                                               ,Ativo,Não
45993,"SOQUETE ARMA DE FOGO , SOQUETES PARA ARMAS DE CALIBRE ACIMA DE NOME",10: ARMAMENTO                                                                                                               ,1015: ARMAS DE FOGO DE CALIBRE ACIMA DE 75MM ATÉ 125MM                                                                        ,01290: SOQUETE ARMA DE FOGO                                                                                ,Inativo,Não
46000,"MECANISMOS DE CULATRAS PARA ARMAS DE CALIBRE ACIMA DE 125MM ATE 150MM , MECANISMOS DE CULATRAS PARA ARMAS DE CAL NOME",10: ARMAMENTO                                                                                                               ,1020: ARMAS DE FOGO DE CALIBRE ACIMA DE 125MM ATÉ 150MM                                                                       ,09521: MECANISMOS DE CULATRAS PARA ARMAS DE CALIBRE ACIMA DE 125MM ATE 150MM                               ,Ativo,Não
46035,"PLATAFORMAS DE DISPARO PARA ARMAS DE CALIBRE ACIMA DE 150MM ATE 200MM , PLATAFORMAS DE DISPARO PARA ARMAS DE CAL NOME",10: ARMAMENTO                                                                                                               ,1025: ARMAS DE FOGO DE CALIBRE ACIMA DE 150MM ATÉ 200MM                                                                       ,10904: PLATAFORMAS DE DISPARO PARA ARMAS DE CALIBRE ACIMA DE 150MM ATE 200MM                               ,Ativo,Não
46043,"SUPORTES PARA ARMAS DE CALIBRE ACIMA DE 150MM ATE 200MM , SUPORTES PARA ARMAS DE CALIBRE ACIMA DE NOME",10: ARMAMENTO                                                                                                               ,1025: ARMAS DE FOGO DE CALIBRE ACIMA DE 150MM ATÉ 200MM                                                                       ,12430: SUPORTES PARA ARMAS DE CALIBRE ACIMA DE 150MM ATE 200MM                                             ,Ativo,Não
46078,"SOQUETE ARMA DE FOGO , SOQUETE PARA ARMAS DE CALIBRE ACIMA DE 2 NOME",10: ARMAMENTO                                                                                                               ,1030: ARMAS DE FOGO DE CALIBRE ACIMA DE 200MM ATÉ 300MM                                                                       ,01291: SOQUETE ARMA DE FOGO                                                                                ,Ativo,Não
46086,"REFLETORES PARA ARMAS DE CALIBRE ACIMA DE 200MM ATE 300MM , REFLETORES PARA ARMAS DE CALIBRE ACIMA D NOME",10: ARMAMENTO                                                                                                               ,1030: ARMAS DE FOGO DE CALIBRE ACIMA DE 200MM ATÉ 300MM                                                                       ,11529: REFLETORES PARA ARMAS DE CALIBRE ACIMA DE 200MM ATE 300MM                                           ,Ativo,Não
46094,"MECANISMOS DE CULATRAS PARA ARMAS DE CALIBRE ACIMA DE 300MM , MECANISMOS DE CULATRAS PARA ARMAS DE CAL NOME",10: ARMAMENTO                                                                                                               ,1035: ARMAS DE FOGO DE CALIBRE ACIMA DE 300MM                                                                                 ,09522: MECANISMOS DE CULATRAS PARA ARMAS DE CALIBRE ACIMA DE 300MM                                         ,Ativo,Não
46116,"MECANISMOS DE INSTRUCAO PARA ARMAS DE CALIBRE ACIMA DE 300MM , MECANISMOS DE INSTRUCAO PARA ARMAS DE CA NOME",10: ARMAMENTO                                                                                                               ,1035: ARMAS DE FOGO DE CALIBRE ACIMA DE 300MM                                                                                 ,09524: MECANISMOS DE INSTRUCAO PARA ARMAS DE CALIBRE ACIMA DE 300MM                                        ,Ativo,Não
46124,"LANCA-CHAMAS , LANCA-CHAMAS NOME",10: ARMAMENTO                                                                                                               ,1040: ARMAMENTO E EQUIPAMENTOS DE GUERRA QUÍMICA                                                                              ,08681: LANCA-CHAMAS                                                                                        ,Ativo,Não
46140,"PEÇAS / COMPONENTES TUBOS DE TORPEDOS , TUPOS PARA TORPEDOS NOME",10: ARMAMENTO                                                                                                               ,1045: LANÇADORES DE TORPEDOS E DE BOMBAS DE PROFUNDIDADE                                                                      ,13130: PEÇAS / COMPONENTES TUBOS DE TORPEDOS                                                               ,Ativo,Não
46159,"ESTEIRAS PARA CARGAS DE PROFUNDIDADE , ESTEIRAS PARA CARGAS DE PROFUNDIDADE NOME",10: ARMAMENTO                                                                                                               ,1045: LANÇADORES DE TORPEDOS E DE BOMBAS DE PROFUNDIDADE                                                                      ,07120: ESTEIRAS PARA CARGAS DE PROFUNDIDADE                                                                ,Ativo,Não
46167,"LANCADORES ADAPTAVEIS PARA EMPREGO DE MISSEIS GUIADOS , LANCADORES ADAPTAVEIS PARA EMPREGO DE MI NOME",10: ARMAMENTO                                                                                                               ,1055: LANÇADORES DE FOGUETES E PIROTÉCNICOS                                                                                   ,08686: LANCADORES ADAPTAVEIS PARA EMPREGO DE MISSEIS GUIADOS                                               ,Ativo,Não
46175,"SIMULADORES DE ARTILHARIA , SIMULADORES DE ARTILHARIA NOME",10: ARMAMENTO                                                                                                               ,1080: EQUIPAMENTOS DE CAMUFLAGEM E DE DISSIMULAÇÃO                                                                            ,12073: SIMULADORES DE ARTILHARIA                                                                           ,Ativo,Não
46183,"SIMULADORES DE AERONAVES , SIMULAROES DE AERONAVES NOME",10: ARMAMENTO                                                                                                               ,1080: EQUIPAMENTOS DE CAMUFLAGEM E DE DISSIMULAÇÃO                                                                            ,12075: SIMULADORES DE AERONAVES                                                                            ,Ativo,Não
46191,"SIMULADORES DE VEICULOS , SIMULADORES DE VEICULOS NOME",10: ARMAMENTO                                                                                                               ,1080: EQUIPAMENTOS DE CAMUFLAGEM E DE DISSIMULAÇÃO                                                                            ,12074: SIMULADORES DE VEICULOS                                                                             ,Ativo,Não
46205,"REDE DE NEBLINA , REDE DE CAMUFLAGEM NOME",10: ARMAMENTO                                                                                                               ,1080: EQUIPAMENTOS DE CAMUFLAGEM E DE DISSIMULAÇÃO                                                                            ,11501: REDE DE NEBLINA                                                                                     ,Ativo,Não
48828,"PEÇAS / ACESSÓRIOS ARMAMENTO , ACESSORIO PARA ARMAMENTO AUTO-PROPULSION NOME",10: ARMAMENTO                                                                                                               ,1005: ARMAS DE FOGO DE CALIBRE ATÉ 30MM                                                                                       ,01712: PEÇAS / ACESSÓRIOS ARMAMENTO                                                                        ,Inativo,Não
56057,"ESCOVA DE LIMPEZA DE ARMA , ESCOVA DE LIMPEZA DE ARMA NOME",10: ARMAMENTO                                                                                                               ,1095: ARMAMENTOS DIVERSOS                                                                                                     ,06944: ESCOVA DE LIMPEZA DE ARMA                                                                           ,Ativo,Não
60623,"SILENCIADOR DE ARMA , SILENCIADOR DE ARMA NOME",10: ARMAMENTO                                                                                                               ,1095: ARMAMENTOS DIVERSOS                                                                                                     ,12058: SILENCIADOR DE ARMA                                                                                 ,Ativo,Não
68004,"REDE DE NEBLINA , REDE DE CAMUFLAGEM 1 NOME",10: ARMAMENTO                                                                                                               ,1080: EQUIPAMENTOS DE CAMUFLAGEM E DE DISSIMULAÇÃO                                                                            ,11501: REDE DE NEBLINA                                                                                     ,Inativo,Não
69078,"SABRE , SABRE NOME",10: ARMAMENTO                                                                                                               ,1095: ARMAMENTOS DIVERSOS                                                                                                     ,11873: SABRE                                                                                               ,Ativo,Não
99830,"ARMA DE FOGO DE PEQUENO PORTE - REVÓLVER / PISTOLA , ARMA DE FOGO DE PEQUENO PORTE - REVOLVER NOME",10: ARMAMENTO                                                                                                               ,1005: ARMAS DE FOGO DE CALIBRE ATÉ 30MM                                                                                       ,02995: ARMA DE FOGO DE PEQUENO PORTE - REVÓLVER / PISTOLA                                                  ,Ativo,Não
99848,"ARMA DE FOGO - EMPUNHÁVEL - MÉDIO PORTE , ARMA DE FOGO - EMPUNHAVEL - MEDIO PORTE NOME",10: ARMAMENTO                                                                                                               ,1005: ARMAS DE FOGO DE CALIBRE ATÉ 30MM                                                                                       ,02994: ARMA DE FOGO - EMPUNHÁVEL - MÉDIO PORTE                                                             ,Ativo,Não
99856,"CABO PARA ARMA DE FOGO , CABO PARA ARMA DE FOGO NOME",10: ARMAMENTO                                                                                                               ,1005: ARMAS DE FOGO DE CALIBRE ATÉ 30MM                                                                                       ,04050: CABO PARA ARMA DE FOGO                                                                              ,Ativo,Não
103128,"SISTEMA DE LIMPEZA / MANUTENCAO DE MATERIAL BELICO PORTATIL , SISTEMA DE LIMPEZA / MANUTENCAO DE MATER NOME",10: ARMAMENTO                                                                                                               ,1095: ARMAMENTOS DIVERSOS                                                                                                     ,12124: SISTEMA DE LIMPEZA / MANUTENCAO DE MATERIAL BELICO PORTATIL                                         ,Ativo,Não
103268,"PEÇAS / COMPONENTES CANHÃO , CANHAO NOME",10: ARMAMENTO                                                                                                               ,1020: ARMAS DE FOGO DE CALIBRE ACIMA DE 125MM ATÉ 150MM                                                                       ,04419: PEÇAS / COMPONENTES CANHÃO                                                                          ,Ativo,Não
113352,"COMPONENTE / SOBRESSALENTE USO MILITAR , SOBRESSALENTE - USO MILITAR NOME",10: ARMAMENTO                                                                                                               ,1095: ARMAMENTOS DIVERSOS                                                                                                     ,12172: COMPONENTE / SOBRESSALENTE  USO MILITAR                                                             ,Ativo,Não
136344,"CARREGADOR PARA MUNIÇÃO , CARREGADOR METALICO - PISTOLA NOME",10: ARMAMENTO                                                                                                               ,1010: ARMAS DE FOGO DE CALIBRE ACIMA DE 30MM ATÉ 75MM                                                                         ,04570: CARREGADOR PARA MUNIÇÃO                                                                             ,Ativo,Não
150877,"PEÇAS / ACESSÓRIOS ARMAMENTO , PEÇAS / ACESSÓRIOS ARMAMENTO NOME",10: ARMAMENTO                                                                                                               ,1005: ARMAS DE FOGO DE CALIBRE ATÉ 30MM                                                                                       ,01712: PEÇAS / ACESSÓRIOS ARMAMENTO                                                                        ,Ativo,Não
150913,"ARMA NÃO LETAL , ARMA NÃO LETAL NOME",10: ARMAMENTO                                                                                                               ,1095: ARMAMENTOS DIVERSOS                                                                                                     ,16657: ARMA NÃO LETAL                                                                                      ,Ativo,Não
151015,"ESPARGIDOR DEFENSIVO , ESPARGIDOR DEFENSIVO NOME",10: ARMAMENTO                                                                                                               ,1040: ARMAMENTO E EQUIPAMENTOS DE GUERRA QUÍMICA                                                                              ,17996: ESPARGIDOR DEFENSIVO                                                                                ,Ativo,Não
191005,"ARMA NÃO LETAL , ARMAS DE FOGO DE CALIBRE ATÉ 30MM NOME",10: ARMAMENTO                                                                                                               ,1095: ARMAMENTOS DIVERSOS                                                                                                     ,16657: ARMA NÃO LETAL                                                                                      ,Inativo,Não
191010,"ARMAS DE FOGO DE CALIBRE ACIMA DE 30MM ATÉ 75MM , ARMAS DE FOGO DE CALIBRE ACIMA DE 30MM A NOME",10: ARMAMENTO                                                                                                               ,1010: ARMAS DE FOGO DE CALIBRE ACIMA DE 30MM ATÉ 75MM                                                                         ,16658: ARMAS DE FOGO DE CALIBRE ACIMA DE 30MM ATÉ 75MM                                                     ,Ativo,Não
191015,"ARMAS DE FOGO DE CALIBRE ACIMA DE 75MM ATÉ 125MM , ARMAS DE FOGO DE CALIBRE ACIMA DE 75MM A NOME",10: ARMAMENTO                                                                                                               ,1015: ARMAS DE FOGO DE CALIBRE ACIMA DE 75MM ATÉ 125MM                                                                        ,16659: ARMAS DE FOGO DE CALIBRE ACIMA DE 75MM ATÉ 125MM                                                    ,Ativo,Não
191020,"ARMAS DE FOGO DE CALIBRE ACIMA DE 125MM ATÉ 150MM , ARMAS DE FOGO DE CALIBRE ACIMA DE 125MM NOME",10: ARMAMENTO                                                                                                               ,1020: ARMAS DE FOGO DE CALIBRE ACIMA DE 125MM ATÉ 150MM                                                                       ,16660: ARMAS DE FOGO DE CALIBRE ACIMA DE 125MM ATÉ 150MM                                                   ,Ativo,Não
191025,"ARMAS DE FOGO DE CALIBRE ACIMA DE 150MM ATÉ 200MM , ARMAS DE FOGO DE CALIBRE ACIMA DE 150MM NOME",10: ARMAMENTO                                                                                                               ,1025: ARMAS DE FOGO DE CALIBRE ACIMA DE 150MM ATÉ 200MM                                                                       ,16661: ARMAS DE FOGO DE CALIBRE ACIMA DE 150MM ATÉ 200MM                                                   ,Inativo,Não
191030,"ARMAS DE FOGO DE CALIBRE ACIMA DE 200MM ATÉ 300MM , ARMAS DE FOGO DE CALIBRE ACIMA DE 200MM NOME",10: ARMAMENTO                                                                                                               ,1030: ARMAS DE FOGO DE CALIBRE ACIMA DE 200MM ATÉ 300MM                                                                       ,16662: ARMAS DE FOGO DE CALIBRE ACIMA DE 200MM ATÉ 300MM                                                   ,Inativo,Não
191035,"ARMAS DE FOGO DE CALIBRE ACIMA DE 300MM , ARMAS DE FOGO DE CALIBRE ACIMA DE 300MM NOME",10: ARMAMENTO                                                                                                               ,1035: ARMAS DE FOGO DE CALIBRE ACIMA DE 300MM                                                                                 ,16663: ARMAS DE FOGO DE CALIBRE ACIMA DE 300MM                                                             ,Inativo,Não
191040,"ARMAMENTO E EQUIPAMENTOS DE GUERRA QUÍMICA , ARMAMENTO E EQUIPAMENTOS DE GUERRA QUÍMI NOME",10: ARMAMENTO                                                                                                               ,1040: ARMAMENTO E EQUIPAMENTOS DE GUERRA QUÍMICA                                                                              ,16664: ARMAMENTO E EQUIPAMENTOS DE GUERRA QUÍMICA                                                          ,Inativo,Não
191045,"LANÇADORES DE TORPEDOS E DE BOMBAS DE PROFUNDIDADE , LANÇADORES DE TORPEDOS E DE BOMBAS DE PR NOME",10: ARMAMENTO                                                                                                               ,1045: LANÇADORES DE TORPEDOS E DE BOMBAS DE PROFUNDIDADE                                                                      ,16665: LANÇADORES DE TORPEDOS E DE BOMBAS DE PROFUNDIDADE                                                  ,Inativo,Não
191055,"LANÇADORES DE FOGUETES E PIROTÉCNICOS , LANÇADORES DE FOGUETES E PIROTÉCNICOS NOME",10: ARMAMENTO                                                                                                               ,1055: LANÇADORES DE FOGUETES E PIROTÉCNICOS                                                                                   ,16666: LANÇADORES DE FOGUETES E PIROTÉCNICOS                                                               ,Inativo,Não
191070,"REDES SUBMARINAS DE DEFESA DE PORTOS , REDES SUBMARINAS DE DEFESA DE PORTOS NOME",10: ARMAMENTO                                                                                                               ,1070: REDES SUBMARINAS DE DEFESA DE PORTOS                                                                                    ,16667: REDES SUBMARINAS DE DEFESA DE PORTOS                                                                ,Inativo,Não
191075,"EQUIPAMENTOS DE DESMAGNETIZAÇÃO E DE VARREDURA DE MINAS , EQUIPAMENTOS DE DESMAGNETIZAÇÃO E DE VAR NOME",10: ARMAMENTO                                                                                                               ,1075: EQUIPAMENTOS DE DESMAGNETIZAÇÃO E DE VARREDURA DE MINAS                                                                 ,16668: EQUIPAMENTOS DE DESMAGNETIZAÇÃO E DE VARREDURA DE MINAS                                             ,Inativo,Não
191080,"ACESSÓRIO/EQUIPAMENTO CAMUFLAGEM E DISSIMULAÇÃO , EQUIPAMENTOS DE CAMUFLAGEM E DE DISSIMUL NOME",10: ARMAMENTO                                                                                                               ,1080: EQUIPAMENTOS DE CAMUFLAGEM E DE DISSIMULAÇÃO                                                                            ,16669: ACESSÓRIO/EQUIPAMENTO CAMUFLAGEM E DISSIMULAÇÃO                                                     ,Ativo,Não
191090,"CONJUNTOS INTERCAMBIÁVEIS DE DUAS OU MAIS CLASSES , CONJUNTOS INTERCAMBIÁVEIS DE DUAS OU MAI NOME",10: ARMAMENTO                                                                                                               ,1090: CONJUNTOS INTERCAMBIÁVEIS DE DUAS OU MAIS CLASSES                                                                       ,16670: CONJUNTOS INTERCAMBIÁVEIS DE DUAS OU MAIS CLASSES                                                   ,Inativo,Não
227483,"REFORÇADOR TIRO FESTIM , MATERIAL AÇO FLEXÍVEL, TIPO ESPIRAL, FUNÇÃO BLOQUEAR SAÍDA CANO ARMA, FIM MANTER PRESSÃO, APLICAÇÃO FUZIL CALIBRE 5,56 MM/MODELO M16 A 2",10: ARMAMENTO                                                                                                               ,1005: ARMAS DE FOGO DE CALIBRE ATÉ 30MM                                                                                       ,13799: REFORÇADOR TIRO FESTIM                                                                              ,Ativo,Não
227485,"MOLA EJETOR , MATERIAL AÇO FLEXÍVEL, TIPO ESPIRAL, FUNÇÃO PERMITIR MOVIMENTO EJETOR, APLICAÇÃO SISTEMA EXTRAÇÃO CARABINA CALIBRE 5,56 MM /",10: ARMAMENTO                                                                                                               ,1005: ARMAS DE FOGO DE CALIBRE ATÉ 30MM                                                                                       ,13800: MOLA EJETOR                                                                                         ,Ativo,Não
227486,"EJETOR , MATERIAL AÇO CARBONO, FUNÇÃO LIBERAR CÁPSULA DEFLAGRADA DA GARRA DE EJEÇÃO, APLICAÇÃO SISTEMA TOMADA GASES CARABINA CALIBRE 5,56 MM",10: ARMAMENTO                                                                                                               ,1005: ARMAS DE FOGO DE CALIBRE ATÉ 30MM                                                                                       ,13801: EJETOR                                                                                              ,Ativo,Não
227487,"PINO SEGURANÇA MIRA , MATERIAL AÇO CARBONO, FUNÇÃO FIXAR REGULAGEM MIRA DIANTEIRA, APLICAÇÃO SISTEMA PONTARIA CARABINA CALIBRE 5,56 MM/ MODELO",10: ARMAMENTO                                                                                                               ,1005: ARMAS DE FOGO DE CALIBRE ATÉ 30MM                                                                                       ,13802: PINO SEGURANÇA MIRA                                                                                 ,Ativo,Não
227488,"PINO TUBO TOMADA GÁS , MATERIAL AÇO CARBONO, FUNÇÃO FIXAR TUBO DE GÁS, APLICAÇÃO SISTEMA TOMADA GASES CARABINA CALIBRE 5,56 MM",10: ARMAMENTO                                                                                                               ,1005: ARMAS DE FOGO DE CALIBRE ATÉ 30MM                                                                                       ,13803: PINO TUBO TOMADA GÁS                                                                                ,Ativo,Não
227505,"ANEL FERROLHO , MATERIAL AÇO, FUNÇÃO VEDAR GASES DO FERROLHO, APLICAÇÃO SISTEMA ALIMENTAÇÃO CARABINA CALIBRE 5,56 MM/",10: ARMAMENTO                                                                                                               ,1005: ARMAS DE FOGO DE CALIBRE ATÉ 30MM                                                                                       ,13794: ANEL FERROLHO                                                                                       ,Ativo,Não
227506,"CHAVE FERROLHO , MATERIAL AÇO CARBONO, FUNÇÃO FIXAR CABEÇA DO FERROLHO AO FERROLHO, APLICAÇÃO SISTEMA ALIMENTAÇÃO CARABINA CALIBRE 5,56 MM/",10: ARMAMENTO                                                                                                               ,1005: ARMAS DE FOGO DE CALIBRE ATÉ 30MM                                                                                       ,13795: CHAVE FERROLHO                                                                                      ,Ativo,Não
227507,"EXTRATOR CÁPSULA , MATERIAL AÇO CARBONO, TIPO GARRA, TIPO ACIONAMENTO POR MOLA, FUNÇÃO EXTRAIR CÁPSULA DEFLAGRADA INTERIOR DA CÂMARA, APLICAÇÃO SISTEMA EXTRAÇÃO CARABINA CALIBRE 5,56 MM/",10: ARMAMENTO                                                                                                               ,1005: ARMAS DE FOGO DE CALIBRE ATÉ 30MM                                                                                       ,13796: EXTRATOR CÁPSULA                                                                                    ,Ativo,Não
227508,"PERCUSSOR , MATERIAL AÇO, TIPO HASTE, FUNÇÃO ACIONAR ESPOLETA DA MUNIÇÃO, APLICAÇÃO SISTEMA DISPARO CARABINA CALIBRE 5,56MM/",10: ARMAMENTO                                                                                                               ,1005: ARMAS DE FOGO DE CALIBRE ATÉ 30MM                                                                                       ,13810: PERCUSSOR                                                                                           ,Ativo,Não
227510,"INSERSOR MOLA EXTRATOR , MATERIAL BORRACHA, TIPO CALÇO, FUNÇÃO FIXAR MOLA DO EXTRATOR, APLICAÇÃO SISTEMA EXTRAÇÃO CARABINA CALIBRE 5,56 MM/",10: ARMAMENTO                                                                                                               ,1005: ARMAS DE FOGO DE CALIBRE ATÉ 30MM                                                                                       ,13809: INSERSOR MOLA EXTRATOR                                                                              ,Ativo,Não
227511,"MOLA EXTRATOR , MATERIAL AÇO FLEXÍVEL, TIPO ESPIRAL, FUNÇÃO ACIONAR EXTRATOR, APLICAÇÃO SISTEMA EXTRAÇÃO CARABINA CALIBRE 5,56 MM/",10: ARMAMENTO                                                                                                               ,1005: ARMAS DE FOGO DE CALIBRE ATÉ 30MM                                                                                       ,13808: MOLA EXTRATOR                                                                                       ,Ativo,Não
227523,"TUBO TOMADA GÁS , MATERIAL AÇO RÍGIDO, FUNÇÃO ENCAMINHAR GASES RESULTANTES CÁPSULA DEFLAGRADA, APLICAÇÃO SISTEMA TOMADA GASES ALIMENTAÇÃO CARABINA",10: ARMAMENTO                                                                                                               ,1005: ARMAS DE FOGO DE CALIBRE ATÉ 30MM                                                                                       ,13797: TUBO TOMADA GÁS                                                                                     ,Ativo,Não
230202,"MOLA RECUPERADORA , MATERIAL MOLA ESPIRAL AÇO FLEXÍVEL, COMPONENTES MOLA ESPIRAL, GUIA MOLA ESPIRAL, ANÉIS E PINOS, MATERIAL GUIA MOLA ESPIRAL AÇO, MATERIAL ANEL PLÁSTICO, MATERIAL PINO AÇO, TIPO CABEÇA PINO CHATA, APLICAÇÃO SISTEMA DE ALIMENTAÇÃO DA SUBMETRALHADORA HK 5A5",10: ARMAMENTO                                                                                                               ,1005: ARMAS DE FOGO DE CALIBRE ATÉ 30MM                                                                                       ,14112: MOLA RECUPERADORA                                                                                   ,Ativo,Não
230207,"EMPUNHADURA METRALHADORA , MATERIAL PLÁSTICO ENDURECIDO, COMPONENTES MECANISMO DE DISPARO E SELETOR DE 4 POSIÇÕES, APLICAÇÃO SISTEMA DE DISPARO DA SUBMETRALHADORA HK MP5A5",10: ARMAMENTO                                                                                                               ,1005: ARMAS DE FOGO DE CALIBRE ATÉ 30MM                                                                                       ,14115: EMPUNHADURA METRALHADORA                                                                            ,Ativo,Não
230208,"EXTRATOR CÁPSULA , MATERIAL AÇO ENDURECIDO, TIPO GARRA, TIPO ACIONAMENTO POR MOLA, FUNÇÃO EXTRAIR CÁPSULA DEFLAGRADA INTERIOR DA CÂMARA, APLICAÇÃO SISTEMA DE EXTRAÇÃO DA SUBMETRALHADORA HK MP5A5",10: ARMAMENTO                                                                                                               ,1005: ARMAS DE FOGO DE CALIBRE ATÉ 30MM                                                                                       ,13796: EXTRATOR CÁPSULA                                                                                    ,Ativo,Não
230217,"MOLA EXTRATOR , MATERIAL AÇO FLEXÍVEL, TIPO ESPIRAL, FUNÇÃO ACIONAR EXTRATOR, APLICAÇÃO SISTEMA DE EXTRAÇÃO DA SUBMETRALHADORA HK MP5A5",10: ARMAMENTO                                                                                                               ,1005: ARMAS DE FOGO DE CALIBRE ATÉ 30MM                                                                                       ,13808: MOLA EXTRATOR                                                                                       ,Ativo,Não
230259,"MOLA PERCUSSOR , MATERIAL AÇO FLEXÍVEL, FUNÇÃO RETORNAR PERCUSSOR À POSIÇÃO INICIAL, APLICAÇÃO SISTEMA DE DISPARO DA SUBMETRALHADORA HK MP5A5, TIPO ESPIRAL",10: ARMAMENTO                                                                                                               ,1005: ARMAS DE FOGO DE CALIBRE ATÉ 30MM                                                                                       ,14123: MOLA PERCUSSOR                                                                                      ,Ativo,Não
230260,"PERCUSSOR , MATERIAL AÇO, TIPO HASTE, FUNÇÃO ACIONAR A ESPOLETA DO CARTUCHO, APLICAÇÃO SISTEMA DE DISPARO DA SUBMETRALHADORA HK MP5A5",10: ARMAMENTO                                                                                                               ,1005: ARMAS DE FOGO DE CALIBRE ATÉ 30MM                                                                                       ,13810: PERCUSSOR                                                                                           ,Ativo,Não
230261,"SUPORTE ROLETE , MATERIAL AÇO, FUNÇÃO FIXAR ROLETE NA CABEÇA DO FERROLHO",10: ARMAMENTO                                                                                                               ,1005: ARMAS DE FOGO DE CALIBRE ATÉ 30MM                                                                                       ,14129: SUPORTE ROLETE                                                                                      ,Ativo,Não
230262,"GUARDA-MÃO SUBMETRALHADORA , MATERIAL PLÁSTICO INJETADO, APLICAÇÃO SISTEMA DE EMPUNHADURA DA SUBMETRALHADORA HK MP5A5",10: ARMAMENTO                                                                                                               ,1005: ARMAS DE FOGO DE CALIBRE ATÉ 30MM                                                                                       ,14124: GUARDA-MÃO SUBMETRALHADORA                                                                          ,Ativo,Não
230263,"BANDOLEIRA , MATERIAL LONA, APLICAÇÃO SISTEMA DE TRANSPORTE DA SUBMETRALHADORA HK MP5A5",10: ARMAMENTO                                                                                                               ,1005: ARMAS DE FOGO DE CALIBRE ATÉ 30MM                                                                                       ,14125: BANDOLEIRA                                                                                          ,Ativo,Não
230576,"FACA OPERAÇÃO TÁTICA , MATERIAL LÂMINA AÇO CARBONO (LIGA DO TIPO SIGO), TÊMPERA LÂMINA 58 HRC, APLICAÇÃO COMANDO OPERAÇÕES TÁTICAS, CARACTERÍSTICAS ADICIONAIS DESBASTE DO FIO TIPO HOLLOW GROUND/DESBASTE PARTE, MATERIAL GUARDA LATÃO, MATERIAL POMO LATÃO, MATERIAL CABO MADEIRA, MATERIAL BAINHA EXTERIOR COURO, COR BAINHA PRETA, COMPRIMENTO FIO LÂMINA 20 CM, COMPRIMENTO CABO 12,50 CM, ESPESSURA LÂMINA 5 MM",10: ARMAMENTO                                                                                                               ,1095: ARMAMENTOS DIVERSOS                                                                                                     ,14174: FACA OPERAÇÃO TÁTICA                                                                                ,Ativo,Não
233416,"EXTRATOR CÁPSULA , MATERIAL AÇO ENDURECIDO, TIPO GARRA, TIPO ACIONAMENTO POR MOLA, FUNÇÃO EXTRAIR CÁPSULA DEFLAGRADA INTERIOR DA CÂMARA, APLICAÇÃO PISTOLA TAURUS - MOD.PT92AF",10: ARMAMENTO                                                                                                               ,1005: ARMAS DE FOGO DE CALIBRE ATÉ 30MM                                                                                       ,13796: EXTRATOR CÁPSULA                                                                                    ,Ativo,Não
233417,"MOLA EXTRATOR , MATERIAL AÇO FLEXÍVEL, TIPO ESPIRAL, FUNÇÃO ACIONAR EXTRATOR, APLICAÇÃO PISTOLA TAURUS - MOD.PT92AF",10: ARMAMENTO                                                                                                               ,1005: ARMAS DE FOGO DE CALIBRE ATÉ 30MM                                                                                       ,13808: MOLA EXTRATOR                                                                                       ,Ativo,Não
233419,"MOLA PERCUSSOR , MATERIAL AÇO FLEXÍVEL, FUNÇÃO RETORNAR PERCUSSOR À POSIÇÃO INICIAL, APLICAÇÃO PISTOLA TAURUS - MOD.PT92AF, TIPO ESPIRAL",10: ARMAMENTO                                                                                                               ,1005: ARMAS DE FOGO DE CALIBRE ATÉ 30MM                                                                                       ,14123: MOLA PERCUSSOR                                                                                      ,Ativo,Não
233420,"PERCUSSOR , MATERIAL AÇO, TIPO HASTE, FUNÇÃO ACIONAR A ESPOLETA DO CARTUCHO, APLICAÇÃO PISTOLA TAURUS - MOD.PT92AF",10: ARMAMENTO                                                                                                               ,1005: ARMAS DE FOGO DE CALIBRE ATÉ 30MM                                                                                       ,13810: PERCUSSOR                                                                                           ,Ativo,Não
235867,"MOLA ARMADILHA PISTOLA , MATERIAL AÇO FLEXÍVEL, REFERÊNCIA PISTOLA PT92AF, APLICAÇÃO PISTOLA TAURUS 9MM",10: ARMAMENTO                                                                                                               ,1005: ARMAS DE FOGO DE CALIBRE ATÉ 30MM                                                                                       ,14928: MOLA ARMADILHA PISTOLA                                                                              ,Ativo,Não
235868,"CANO PISTOLA , MATERIAL AÇO ENDURECIDO, REFERÊNCIA PISTOLA PT92AF, APLICAÇÃO PISTOLA TAURUS 9MM",10: ARMAMENTO                                                                                                               ,1005: ARMAS DE FOGO DE CALIBRE ATÉ 30MM                                                                                       ,14930: CANO PISTOLA                                                                                        ,Ativo,Não
235890,"MERGULHADOR BLOCO TRANCAMENTO , TIPO PINO, MATERIAL AÇO, APLICAÇÃO PISTOLA TAURUS PT92AF, FINALIDADE FIXAÇÃO DO BLOCO DE TRANCAMENTO JUNTO AO SEU ALO -",10: ARMAMENTO                                                                                                               ,1005: ARMAS DE FOGO DE CALIBRE ATÉ 30MM                                                                                       ,14934: MERGULHADOR BLOCO TRANCAMENTO                                                                       ,Ativo,Não
236281,"BLOCO TRANCAMENTO , MATERIAL AÇO, REFERÊNCIA PISTOLA TAURUS PT92AF, APLICAÇÃO PISTOLA TAURUS 9MM, FUNÇÃO FIXAR CANO DA PISTOLA NA ARMAÇÃO DURANTE O DISPARO",10: ARMAMENTO                                                                                                               ,1005: ARMAS DE FOGO DE CALIBRE ATÉ 30MM                                                                                       ,14981: BLOCO TRANCAMENTO                                                                                   ,Ativo,Não
236284,"EJETOR , MATERIAL AÇO CARBONO, FUNÇÃO LIBERAR CÁPSULA DEFLAGRADA DA GARRA DE EJEÇÃO, APLICAÇÃO PISTOLA TAURUS 9MM, REFERÊNCIA PISTOLA TAURUS PT92AF",10: ARMAMENTO                                                                                                               ,1005: ARMAS DE FOGO DE CALIBRE ATÉ 30MM                                                                                       ,13801: EJETOR                                                                                              ,Ativo,Não
236289,"MOLA RECUPERADORA , MATERIAL MOLA ESPIRAL AÇO FLEXÍVEL, APLICAÇÃO PISTOLA TAURUS 9MM, REFERÊNCIA PISTOLA TAURUS PT92AF",10: ARMAMENTO                                                                                                               ,1005: ARMAS DE FOGO DE CALIBRE ATÉ 30MM                                                                                       ,14112: MOLA RECUPERADORA                                                                                   ,Ativo,Não
236292,"TIRANTE GATILHO , MATERIAL AÇO, REFERÊNCIA PISTOLA TAURUS PT92AF, APLICAÇÃO PISTOLA TAURUS 9MM, FUNÇÃO ACIONAR O MECANISMO DA ARMADILHA LEVANDO O CÃO À",10: ARMAMENTO                                                                                                               ,1005: ARMAS DE FOGO DE CALIBRE ATÉ 30MM                                                                                       ,14983: TIRANTE GATILHO                                                                                     ,Ativo,Não
236294,"MOLA TIRANTE GATILHO , MATERIAL AÇO, REFERÊNCIA PISTOLA TAURUS PT92AF, APLICAÇÃO PISTOLA TAURUS 9MM, FUNÇÃO PRESSIONAR O TIRANTE DO GATILHO MANTENDO-O EM SUA",10: ARMAMENTO                                                                                                               ,1005: ARMAS DE FOGO DE CALIBRE ATÉ 30MM                                                                                       ,14985: MOLA TIRANTE GATILHO                                                                                ,Ativo,Não
236297,"ARMADILHA , MATERIAL AÇO, REFERÊNCIA PISTOLA TAURUS PT92AF, APLICAÇÃO PISTOLA TAURUS 9MM, FUNÇÃO ARMAR O CÃO,DEIXANDO-O À RETAGUARDA PRONTO PARA",10: ARMAMENTO                                                                                                               ,1005: ARMAS DE FOGO DE CALIBRE ATÉ 30MM                                                                                       ,14986: ARMADILHA                                                                                           ,Ativo,Não
236302,"CÃO , MATERIAL AÇO, REFERÊNCIA PISTOLA TAURUS PT92AF, APLICAÇÃO PISTOLA TAURUS 9MM, FUNÇÃO ACIONAR O PERCUSSOR PARA DETONAR A ESPOLETA DO CAR",10: ARMAMENTO                                                                                                               ,1005: ARMAS DE FOGO DE CALIBRE ATÉ 30MM                                                                                       ,14988: CÃO                                                                                                 ,Ativo,Não
236303,"IMPULSOR TRAVA PERCUSSOR , MATERIAL AÇO, REFERÊNCIA PISTOLA TAURUS PT92AF, APLICAÇÃO PISTOLA TAURUS 9MM, FUNÇÃO ACIONAR A TRAVA DO PERCUSSOR LIBERANDO-O NO MOMEN-",10: ARMAMENTO                                                                                                               ,1005: ARMAS DE FOGO DE CALIBRE ATÉ 30MM                                                                                       ,14990: IMPULSOR TRAVA PERCUSSOR                                                                            ,Ativo,Não
236307,"MOLA GATILHO , MATERIAL AÇO FLEXÍVEL, FUNÇÃO PROMOVER O RETORNO DO GATILHO A SUA POSIÇÃO INI-, REFERÊNCIA PISTOLA TAURUS PT92AF, APLICAÇÃO PISTOLA TAURUS 9MM",10: ARMAMENTO                                                                                                               ,1005: ARMAS DE FOGO DE CALIBRE ATÉ 30MM                                                                                       ,14991: MOLA GATILHO                                                                                        ,Ativo,Não
236308,"MOLA RETÉM FERROLHO , MATERIAL AÇO FLEXÍVEL, REFERÊNCIA PISTOLA TAURUS PT92AF, APLICAÇÃO PISTOLA TAURUS 9MM, FUNÇÃO ACIONAR O RETÉM DO FERROLHO.",10: ARMAMENTO                                                                                                               ,1005: ARMAS DE FOGO DE CALIBRE ATÉ 30MM                                                                                       ,14992: MOLA RETÉM FERROLHO                                                                                 ,Ativo,Não
236309,"MOLA MERGULHADOR REGISTRO SEGURANÇA , MATERIAL AÇO FLEXÍVEL, REFERÊNCIA PISTOLA TAURUS PT92AF, APLICAÇÃO PISTOLA TAURUS 9MM, FUNÇÃO PRESSIONAR O MERGULHADOR DE ENCONTRO COM O REGIS-",10: ARMAMENTO                                                                                                               ,1005: ARMAS DE FOGO DE CALIBRE ATÉ 30MM                                                                                       ,14995: MOLA MERGULHADOR REGISTRO SEGURANÇA                                                                 ,Ativo,Não
236313,"FUNDO CARREGADOR , MATERIAL AÇO, REFERÊNCIA PISTOLA TAURUS PT92AF, APLICAÇÃO PISTOLA TAURUS 9MM, FUNÇÃO CONFINAR NO INTERIOR DO CARREGADOR O CONJUNTO",10: ARMAMENTO                                                                                                               ,1005: ARMAS DE FOGO DE CALIBRE ATÉ 30MM                                                                                       ,14996: FUNDO CARREGADOR                                                                                    ,Ativo,Não
236314,"PLACA PUNHO , MATERIAL MADEIRA TRABALHADA, REFERÊNCIA PISTOLA TAURUS PT92AF, APLICAÇÃO PISTOLA TAURUS 9MM, FUNÇÃO FACILITAR A EMPUNHADURA E EVITAR O ESCORREGAMENTO",10: ARMAMENTO                                                                                                               ,1005: ARMAS DE FOGO DE CALIBRE ATÉ 30MM                                                                                       ,14998: PLACA PUNHO                                                                                         ,Ativo,Não
236325,"PARAFUSO PLACA PUNHO , MATERIAL AÇO, REFERÊNCIA PISTOLA TAURUS PT92AF, APLICAÇÃO PISTOLA TAURUS PT92AF, FUNÇÃO FIXAÇÃO DA PLACA DO PUNHO NA PISTOLA",10: ARMAMENTO                                                                                                               ,1005: ARMAS DE FOGO DE CALIBRE ATÉ 30MM                                                                                       ,14999: PARAFUSO PLACA PUNHO                                                                                ,Ativo,Não
236330,"BUCHA PLACA PUNHO , MATERIAL AÇO COM ROSCA INTERNA, REFERÊNCIA PISTOLA TAURUS PT92AF, APLICAÇÃO PISTOLA TAURUS 9MM, FUNÇÃO PROMOVER A FIXAÇÃO DS PLACA DO PUNHO DA PISTOLA",10: ARMAMENTO                                                                                                               ,1005: ARMAS DE FOGO DE CALIBRE ATÉ 30MM                                                                                       ,15001: BUCHA PLACA PUNHO                                                                                   ,Ativo,Não
236333,"CARREGADOR MUNIÇÃO , MATERIAL AÇO, TIPO COFRE, REFERÊNCIA PISTOLA TAURUS PT92AF, APLICAÇÃO PISTOLA TAURUS 9MM, FUNÇÃO ALOJAR CARTUCHOS DE MUNIÇÃOE MUNICIAR A ARMA, QUANTIDADE MUNIÇÃO 15 CARTUCHOS",10: ARMAMENTO                                                                                                               ,1005: ARMAS DE FOGO DE CALIBRE ATÉ 30MM                                                                                       ,15002: CARREGADOR MUNIÇÃO                                                                                  ,Ativo,Não
236337,"ESTOJO PORTA CARREGADOR , MATERIAL NAILON, DIMENSÕES 4,5 X 15 X 5 CM, COR VERDE OLIVA, CAPACIDADE 02 CARREGADORES, APLICAÇÃO FUZIL, CARACTERÍSTICAS ADICIONAIS FECHO COM BOTÃO DE PRESSÃO",10: ARMAMENTO                                                                                                               ,1005: ARMAS DE FOGO DE CALIBRE ATÉ 30MM                                                                                       ,15003: ESTOJO PORTA CARREGADOR                                                                             ,Ativo,Não
236338,"ESTOJO PORTA CARREGADOR , MATERIAL LONA, DIMENSÕES 4,5 X 15 X 5 CM, COR VERDE OLIVA, CAPACIDADE 02 CARREGADORES, APLICAÇÃO FUZIL, CARACTERÍSTICAS ADICIONAIS FECHO COM BOTÃO DE PRESSÃO",10: ARMAMENTO                                                                                                               ,1005: ARMAS DE FOGO DE CALIBRE ATÉ 30MM                                                                                       ,15003: ESTOJO PORTA CARREGADOR                                                                             ,Ativo,Não
236415,"MOLA CÃO , MATERIAL ESPIRAL EM AÇO FLEXÍVEL, REFERÊNCIA PISTOLA TAURUS PT92AF, APLICAÇÃO PISTOLA TAURUS 9MM, FUNÇÃO PRESSIONAR O RETORNO DO CÃO PARA QUE ESTE POSSA",10: ARMAMENTO                                                                                                               ,1005: ARMAS DE FOGO DE CALIBRE ATÉ 30MM                                                                                       ,15007: MOLA CÃO                                                                                            ,Ativo,Não
236850,"CÃO , MATERIAL AÇO, REFERÊNCIA PISTOLA TAURUS PT92C, APLICAÇÃO PISTOLA TAURUS 9MM, FUNÇÃO ACIONAR O PERCUSSOR PARA DETONAR A ESPOLETA DO CAR",10: ARMAMENTO                                                                                                               ,1005: ARMAS DE FOGO DE CALIBRE ATÉ 30MM                                                                                       ,14988: CÃO                                                                                                 ,Ativo,Não
236862,"CANO PISTOLA , MATERIAL AÇO ENDURECIDO, REFERÊNCIA PISTOLA PT92C, APLICAÇÃO PISTOLA TAURUS 9MM",10: ARMAMENTO                                                                                                               ,1005: ARMAS DE FOGO DE CALIBRE ATÉ 30MM                                                                                       ,14930: CANO PISTOLA                                                                                        ,Ativo,Não
236864,"BLOCO TRANCAMENTO , MATERIAL AÇO, REFERÊNCIA PISTOLA TAURUS PT92C, APLICAÇÃO PISTOLA TAURUS 9MM, FUNÇÃO FIXAR CANO DA PISTOLA NA ARMAÇÃO DURANTE O DISPARO",10: ARMAMENTO                                                                                                               ,1005: ARMAS DE FOGO DE CALIBRE ATÉ 30MM                                                                                       ,14981: BLOCO TRANCAMENTO                                                                                   ,Ativo,Não
236882,"MOLA RETÉM FERROLHO , MATERIAL AÇO FLEXÍVEL, REFERÊNCIA PISTOLA PT92C, APLICAÇÃO PISTOLA TAURUS 9MM, FUNÇÃO ACIONAR O RETÉM DO FERROLHO.",10: ARMAMENTO                                                                                                               ,1005: ARMAS DE FOGO DE CALIBRE ATÉ 30MM                                                                                       ,14992: MOLA RETÉM FERROLHO                                                                                 ,Ativo,Não
236883,"MOLA MERGULHADOR REGISTRO SEGURANÇA , MATERIAL AÇO FLEXÍVEL, REFERÊNCIA PISTOLA PT92C, APLICAÇÃO PISTOLA TAURUS 9MM, FUNÇÃO PRESSIONAR O MERGULHADOR DE ENCONTRO COM O REGIS-",10: ARMAMENTO                                                                                                               ,1005: ARMAS DE FOGO DE CALIBRE ATÉ 30MM                                                                                       ,14995: MOLA MERGULHADOR REGISTRO SEGURANÇA                                                                 ,Ativo,Não
236917,"MOLA EXTRATOR , MATERIAL AÇO FLEXÍVEL, TIPO ESPIRAL, FUNÇÃO ACIONAR EXTRATOR, APLICAÇÃO PISTOLA TAURUS - MOD.PT92C",10: ARMAMENTO                                                                                                               ,1005: ARMAS DE FOGO DE CALIBRE ATÉ 30MM                                                                                       ,13808: MOLA EXTRATOR                                                                                       ,Ativo,Não
236924,"EXTRATOR CÁPSULA , MATERIAL AÇO ENDURECIDO, TIPO GARRA, TIPO ACIONAMENTO POR MOLA, FUNÇÃO EXTRAIR CÁPSULA DEFLAGRADA INTERIOR DA CÂMARA, APLICAÇÃO PISTOLA TAURUS - MOD.PT92C",10: ARMAMENTO                                                                                                               ,1005: ARMAS DE FOGO DE CALIBRE ATÉ 30MM                                                                                       ,13796: EXTRATOR CÁPSULA                                                                                    ,Ativo,Não
236932,"MOLA PERCUSSOR , MATERIAL AÇO FLEXÍVEL, FUNÇÃO RETORNAR PERCUSSOR À POSIÇÃO INICIAL, APLICAÇÃO PISTOLA TAURUS - MOD.PT92C, TIPO ESPIRAL",10: ARMAMENTO                                                                                                               ,1005: ARMAS DE FOGO DE CALIBRE ATÉ 30MM                                                                                       ,14123: MOLA PERCUSSOR                                                                                      ,Ativo,Não
236933,"MOLA RECUPERADORA , MATERIAL MOLA ESPIRAL AÇO FLEXÍVEL, APLICAÇÃO PISTOLA TAURUS 9MM, REFERÊNCIA PISTOLA TAURUS PT92C",10: ARMAMENTO                                                                                                               ,1005: ARMAS DE FOGO DE CALIBRE ATÉ 30MM                                                                                       ,14112: MOLA RECUPERADORA                                                                                   ,Ativo,Não
236946,"MOLA TIRANTE GATILHO , MATERIAL AÇO, REFERÊNCIA PISTOLA TAURUS PT92C, APLICAÇÃO PISTOLA TAURUS 9MM, FUNÇÃO PRESSIONAR O TIRANTE DO GATILHO MANTENDO-O EM SUA",10: ARMAMENTO                                                                                                               ,1005: ARMAS DE FOGO DE CALIBRE ATÉ 30MM                                                                                       ,14985: MOLA TIRANTE GATILHO                                                                                ,Ativo,Não
236949,"MOLA CÃO , MATERIAL ESPIRAL EM AÇO FLEXÍVEL, REFERÊNCIA PISTOLA PT92C, APLICAÇÃO PISTOLA TAURUS 9MM, FUNÇÃO PRESSIONAR O RETORNO DO CÃO PARA QUE ESTE POSSA",10: ARMAMENTO                                                                                                               ,1005: ARMAS DE FOGO DE CALIBRE ATÉ 30MM                                                                                       ,15007: MOLA CÃO                                                                                            ,Ativo,Não
236952,"MOLA ARMADILHA PISTOLA , MATERIAL AÇO FLEXÍVEL, REFERÊNCIA PISTOLA PT92C, APLICAÇÃO PISTOLA TAURUS 9MM",10: ARMAMENTO                                                                                                               ,1005: ARMAS DE FOGO DE CALIBRE ATÉ 30MM                                                                                       ,14928: MOLA ARMADILHA PISTOLA                                                                              ,Ativo,Não
237062,"ARMADILHA , MATERIAL AÇO, REFERÊNCIA PISTOLA TAURUS PT92C, APLICAÇÃO PISTOLA TAURUS 9MM, FUNÇÃO ARMAR O CÃO,DEIXANDO-O À RETAGUARDA PRONTO PARA",10: ARMAMENTO                                                                                                               ,1005: ARMAS DE FOGO DE CALIBRE ATÉ 30MM                                                                                       ,14986: ARMADILHA                                                                                           ,Ativo,Não
237063,"MOLA GATILHO , MATERIAL AÇO FLEXÍVEL, FUNÇÃO PROMOVER O RETORNO DO GATILHO A SUA POSIÇÃO INI-, REFERÊNCIA PISTOLA TAURUS PT92C, APLICAÇÃO PISTOLA TAURUS 9MM",10: ARMAMENTO                                                                                                               ,1005: ARMAS DE FOGO DE CALIBRE ATÉ 30MM                                                                                       ,14991: MOLA GATILHO                                                                                        ,Ativo,Não
237122,"MERGULHADOR BLOCO TRANCAMENTO , TIPO PINO, MATERIAL AÇO, APLICAÇÃO PISTOLA TAURUS - MOD.PT92C, FINALIDADE FIXAÇÃO DO BLOCO DE TRANCAMENTO JUNTO AO SEU ALO -",10: ARMAMENTO                                                                                                               ,1005: ARMAS DE FOGO DE CALIBRE ATÉ 30MM                                                                                       ,14934: MERGULHADOR BLOCO TRANCAMENTO                                                                       ,Ativo,Não
237124,"IMPULSOR TRAVA PERCUSSOR , MATERIAL AÇO, REFERÊNCIA PISTOLA TAURUS - MOD.PT92C, APLICAÇÃO PISTOLA TAURUS 9MM, FUNÇÃO ACIONAR A TRAVA DO PERCUSSOR LIBERANDO-O NO MOMEN-",10: ARMAMENTO                                                                                                               ,1005: ARMAS DE FOGO DE CALIBRE ATÉ 30MM                                                                                       ,14990: IMPULSOR TRAVA PERCUSSOR                                                                            ,Ativo,Não
237125,"FUNDO CARREGADOR , MATERIAL AÇO, REFERÊNCIA PISTOLA TAURUS - MOD.PT92C, APLICAÇÃO PISTOLA TAURUS 9MM, FUNÇÃO CONFINAR NO INTERIOR DO CARREGADOR O CONJUNTO",10: ARMAMENTO                                                                                                               ,1005: ARMAS DE FOGO DE CALIBRE ATÉ 30MM                                                                                       ,14996: FUNDO CARREGADOR                                                                                    ,Ativo,Não
237166,"PERCUSSOR , MATERIAL AÇO, TIPO HASTE, FUNÇÃO ACIONAR A ESPOLETA DO CARTUCHO, APLICAÇÃO PISTOLA TAURUS - MOD.PT92C",10: ARMAMENTO                                                                                                               ,1005: ARMAS DE FOGO DE CALIBRE ATÉ 30MM                                                                                       ,13810: PERCUSSOR                                                                                           ,Ativo,Não
237167,"PLACA PUNHO , MATERIAL MADEIRA TRABALHADA, REFERÊNCIA PISTOLA TAURUS - MOD. PT92C, APLICAÇÃO PISTOLA TAURUS 9MM, FUNÇÃO FACILITAR A EMPUNHADURA E EVITAR O ESCORREGAMENTO",10: ARMAMENTO                                                                                                               ,1005: ARMAS DE FOGO DE CALIBRE ATÉ 30MM                                                                                       ,14998: PLACA PUNHO                                                                                         ,Ativo,Não
237237,"BUCHA PLACA PUNHO , MATERIAL AÇO COM ROSCA INTERNA, REFERÊNCIA PISTOLA TAURUS PT92C, APLICAÇÃO PISTOLA TAURUS 9MM, FUNÇÃO PROMOVER A FIXAÇÃO DS PLACA DO PUNHO DA PISTOLA",10: ARMAMENTO                                                                                                               ,1005: ARMAS DE FOGO DE CALIBRE ATÉ 30MM                                                                                       ,15001: BUCHA PLACA PUNHO                                                                                   ,Ativo,Não
237244,"PARAFUSO PLACA PUNHO , MATERIAL AÇO, REFERÊNCIA PISTOLA TAURUS PT92C, APLICAÇÃO PISTOLA TAURUS PT92C, FUNÇÃO FIXAÇÃO DA PLACA DO PUNHO NA PISTOLA",10: ARMAMENTO                                                                                                               ,1005: ARMAS DE FOGO DE CALIBRE ATÉ 30MM                                                                                       ,14999: PARAFUSO PLACA PUNHO                                                                                ,Ativo,Não
237246,"CARREGADOR MUNIÇÃO , MATERIAL AÇO, TIPO COFRE, REFERÊNCIA PISTOLA TAURUS PT92C, APLICAÇÃO PISTOLA TAURUS 9MM, FUNÇÃO ALOJAR CARTUCHOS DE MUNIÇÃOE MUNICIAR A ARMA, QUANTIDADE MUNIÇÃO 15 CARTUCHOS",10: ARMAMENTO                                                                                                               ,1005: ARMAS DE FOGO DE CALIBRE ATÉ 30MM                                                                                       ,15002: CARREGADOR MUNIÇÃO                                                                                  ,Ativo,Não
237313,"MOLA REGISTRO SEGURANÇA PISTOLA , MATERIAL AÇO FLEXÍVEL, REFERÊNCIA PISTOLA PT92AF, APLICAÇÃO PISTOLA TAURUS",10: ARMAMENTO                                                                                                               ,1005: ARMAS DE FOGO DE CALIBRE ATÉ 30MM                                                                                       ,15115: MOLA REGISTRO SEGURANÇA PISTOLA                                                                     ,Ativo,Não
237314,"MOLA REGISTRO SEGURANÇA PISTOLA , MATERIAL AÇO FLEXÍVEL, REFERÊNCIA PISTOLA PT92C, APLICAÇÃO PISTOLA TAURUS",10: ARMAMENTO                                                                                                               ,1005: ARMAS DE FOGO DE CALIBRE ATÉ 30MM                                                                                       ,15115: MOLA REGISTRO SEGURANÇA PISTOLA                                                                     ,Ativo,Não
237376,"EJETOR , MATERIAL AÇO CARBONO, FUNÇÃO LIBERAR CÁPSULA DEFLAGRADA DA GARRA DE EJEÇÃO, APLICAÇÃO PISTOLA TAURUS 9MM, REFERÊNCIA PISTOLA TAURUS 92 C",10: ARMAMENTO                                                                                                               ,1005: ARMAS DE FOGO DE CALIBRE ATÉ 30MM                                                                                       ,13801: EJETOR                                                                                              ,Ativo,Não
237428,"BUCHA DA PLACA PUNHO ESQUERDO , MATERIAL AÇO COM ROSCA INTERNA, FUNÇÃO PROMOVER A FIXAÇÃO DA MOLA DO REGISTRO DE, APLICAÇÃO PISTOLA TAURUS PT92AF",10: ARMAMENTO                                                                                                               ,1005: ARMAS DE FOGO DE CALIBRE ATÉ 30MM                                                                                       ,15130: BUCHA DA PLACA PUNHO ESQUERDO                                                                       ,Inativo,Não
237429,"BUCHA DA PLACA PUNHO ESQUERDO , MATERIAL AÇO COM ROSCA INTERNA, FUNÇÃO PROMOVER A FIXAÇÃO DA MOLA DO REGISTRO DE, APLICAÇÃO PISTOLA TAURUS PT92C",10: ARMAMENTO                                                                                                               ,1005: ARMAS DE FOGO DE CALIBRE ATÉ 30MM                                                                                       ,15130: BUCHA DA PLACA PUNHO ESQUERDO                                                                       ,Inativo,Não
237969,"TIRANTE GATILHO , MATERIAL AÇO, REFERÊNCIA PISTOLA TAURUS PT92C, APLICAÇÃO PISTOLA TAURUS 9MM, FUNÇÃO ACIONAR O MECANISMO DA ARMADILHA LEVANDO O CÃO À",10: ARMAMENTO                                                                                                               ,1005: ARMAS DE FOGO DE CALIBRE ATÉ 30MM                                                                                       ,14983: TIRANTE GATILHO                                                                                     ,Ativo,Não
240444,"KIT CONVERSÃO , MATERIAL CANO AÇO ENDURECIDO, CALIBRE 9MM, COMPRIMENTO CANO 127 MM, APLICAÇÃO PISTOLA MARCA TAURUS, MODELO PT92AF, TIPO MUNIÇÃO TINTA, TIPO USO TREINAMENTO DE TIRO",10: ARMAMENTO                                                                                                               ,1005: ARMAS DE FOGO DE CALIBRE ATÉ 30MM                                                                                       ,15402: KIT CONVERSÃO                                                                                       ,Ativo,Não
240453,"CONJUNTO CONVERSÃO MUNIÇÃO , COMPOSIÇÃO BLOCO DE TRANCAMENTO SIMUNITION, CHAVE TIPO ALLEN,, APLICAÇÃO SUBMETRALHADORA MARCA HK, MODELO MP5",10: ARMAMENTO                                                                                                               ,1005: ARMAS DE FOGO DE CALIBRE ATÉ 30MM                                                                                       ,15404: CONJUNTO CONVERSÃO MUNIÇÃO                                                                          ,Ativo,Não
246768,"PERCINTA , MATERIAL POLIPROPILENO, COR VERDE OLIVA, LARGURA 29 MM, ESPESSURA 1/8 POL, CARACTERÍSTICAS ADICIONAIS BORDAS SALIENTES ABAULADAS",10: ARMAMENTO                                                                                                               ,1090: CONJUNTOS INTERCAMBIÁVEIS DE DUAS OU MAIS CLASSES                                                                       ,15813: PERCINTA                                                                                            ,Ativo,Não
247157,"REDE DE NEBLINA , MATERIAL SEDA E NYLON, COMPRIMENTO 7 M, LARGURA 2,5 M, TAMANHO TRAMA 20 MM, COR PRETA",10: ARMAMENTO                                                                                                               ,1080: EQUIPAMENTOS DE CAMUFLAGEM E DE DISSIMULAÇÃO                                                                            ,11501: REDE DE NEBLINA                                                                                     ,Ativo,Não
247158,"REDE DE NEBLINA , MATERIAL SEDA E NYLON, COMPRIMENTO 14 M, LARGURA 3 M, TAMANHO TRAMA 32 MM, COR PRETA",10: ARMAMENTO                                                                                                               ,1080: EQUIPAMENTOS DE CAMUFLAGEM E DE DISSIMULAÇÃO                                                                            ,11501: REDE DE NEBLINA                                                                                     ,Ativo,Não
250666,"ESTOJO LIMPEZA ARMAMENTO , APLICAÇÃO REVÓLVER/PISTOLA, COMPONENTES C/03 ESCOVAS(01 NAILON,01 LATÃO E 01 FELTRO)/SOL-",10: ARMAMENTO                                                                                                               ,1095: ARMAMENTOS DIVERSOS                                                                                                     ,16109: ESTOJO LIMPEZA ARMAMENTO                                                                            ,Ativo,Não
263978,"ANEL VEDAÇÃO ARMAMENTO , MATERIAL METAL, DIÂMETRO 21,50 MM, APLICAÇÃO MORTEIRO 120 MM",10: ARMAMENTO                                                                                                               ,1095: ARMAMENTOS DIVERSOS                                                                                                     ,17586: ANEL VEDAÇÃO ARMAMENTO                                                                              ,Ativo,Não
263979,"ANEL VEDAÇÃO ARMAMENTO , MATERIAL METAL, DIÂMETRO 17,17 MM, APLICAÇÃO MORTEIRO 120 MM",10: ARMAMENTO                                                                                                               ,1095: ARMAMENTOS DIVERSOS                                                                                                     ,17586: ANEL VEDAÇÃO ARMAMENTO                                                                              ,Ativo,Não
263980,"ANEL VEDAÇÃO ARMAMENTO , MATERIAL METAL, DIÂMETRO 33,05 MM, APLICAÇÃO MORTEIRO 120 MM",10: ARMAMENTO                                                                                                               ,1095: ARMAMENTOS DIVERSOS                                                                                                     ,17586: ANEL VEDAÇÃO ARMAMENTO                                                                              ,Ativo,Não
263981,"ANEL VEDAÇÃO ARMAMENTO , MATERIAL METAL, DIÂMETRO 25,12 MM, APLICAÇÃO MORTEIRO 120 MM",10: ARMAMENTO                                                                                                               ,1095: ARMAMENTOS DIVERSOS                                                                                                     ,17586: ANEL VEDAÇÃO ARMAMENTO                                                                              ,Ativo,Não
263982,"ANEL VEDAÇÃO ARMAMENTO , MATERIAL METAL, DIÂMETRO 266,07 MM, APLICAÇÃO MORTEIRO 120 MM",10: ARMAMENTO                                                                                                               ,1095: ARMAMENTOS DIVERSOS                                                                                                     ,17586: ANEL VEDAÇÃO ARMAMENTO                                                                              ,Ativo,Não
263983,"ANEL VEDAÇÃO ARMAMENTO , MATERIAL METAL, DIÂMETRO 26,70 MM, APLICAÇÃO MORTEIRO 120 MM",10: ARMAMENTO                                                                                                               ,1095: ARMAMENTOS DIVERSOS                                                                                                     ,17586: ANEL VEDAÇÃO ARMAMENTO                                                                              ,Ativo,Não
263987,"ANEL VEDAÇÃO ARMAMENTO , DIÂMETRO 21,50 MM, APLICAÇÃO RETÉM DO IMPULSOR DO MORTEIRO 120 MM, CARACTERÍSTICAS ADICIONAIS ELÁSTICO",10: ARMAMENTO                                                                                                               ,1095: ARMAMENTOS DIVERSOS                                                                                                     ,17586: ANEL VEDAÇÃO ARMAMENTO                                                                              ,Ativo,Não
263990,"PARAFUSO ARMAMENTO , TIPO ALLEN CABEÇA CÔNICA, DIMENSÕES 16 X M6 X 1, APLICAÇÃO MORTEIRO 120 MM",10: ARMAMENTO                                                                                                               ,1095: ARMAMENTOS DIVERSOS                                                                                                     ,17587: PARAFUSO ARMAMENTO                                                                                  ,Ativo,Não
263991,"PARAFUSO ARMAMENTO , TIPO ALLEN SEM CABEÇA, DIMENSÕES 8 X M6 X 1, APLICAÇÃO MORTEIRO 120 MM",10: ARMAMENTO                                                                                                               ,1095: ARMAMENTOS DIVERSOS                                                                                                     ,17587: PARAFUSO ARMAMENTO                                                                                  ,Ativo,Não
263992,"PARAFUSO ARMAMENTO , TIPO ALLEN CABEÇA CILÍNDRICA, DIMENSÕES 24 X M8 X 1,25, APLICAÇÃO MORTEIRO 120 MM",10: ARMAMENTO                                                                                                               ,1095: ARMAMENTOS DIVERSOS                                                                                                     ,17587: PARAFUSO ARMAMENTO                                                                                  ,Ativo,Não
263993,"PARAFUSO ARMAMENTO , TIPO ALLEN CABEÇA CILÍNDRICA, DIMENSÕES 38 X M8 X 1,25, APLICAÇÃO MORTEIRO 120 MM",10: ARMAMENTO                                                                                                               ,1095: ARMAMENTOS DIVERSOS                                                                                                     ,17587: PARAFUSO ARMAMENTO                                                                                  ,Ativo,Não
263994,"PARAFUSO ARMAMENTO , TIPO ALLEN CABEÇA CILÍNDRICA, DIMENSÕES 16 X M5 X 0,8, APLICAÇÃO MORTEIRO 120 MM",10: ARMAMENTO                                                                                                               ,1095: ARMAMENTOS DIVERSOS                                                                                                     ,17587: PARAFUSO ARMAMENTO                                                                                  ,Ativo,Não
276414,"ESPARGIDOR DEFENSIVO , TIPO SPRAY, MATERIAL EMBALAGEM CILÍNDRICO DE ALUMÍNIO, PRINCÍPIO ATIVO AGENTE PIMENTA, ALCANCE 5 M, APLICAÇÃO TREINAMENTO MILITAR",10: ARMAMENTO                                                                                                               ,1040: ARMAMENTO E EQUIPAMENTOS DE GUERRA QUÍMICA                                                                              ,17996: ESPARGIDOR DEFENSIVO                                                                                ,Ativo,Não
289371,"PARAFUSO ARMAMENTO , DIMENSÕES 57 X M16 X 2, MATERIAL AÇO, TIPO CABEÇA SEXTAVADA",10: ARMAMENTO                                                                                                               ,1095: ARMAMENTOS DIVERSOS                                                                                                     ,17587: PARAFUSO ARMAMENTO                                                                                  ,Ativo,Não
289382,"PORCA ARMAMENTO , MATERIAL AÇO, DIMENSÕES 13 X M16 X 2, TIPO ROSCA MÉTRICA, FORMATO SEXTAVADA",10: ARMAMENTO                                                                                                               ,1095: ARMAMENTOS DIVERSOS                                                                                                     ,18369: PORCA ARMAMENTO                                                                                     ,Ativo,Não
291132,"PEÇAS / ACESSÓRIOS ARMAMENTO , MATERIAL AÇO, TIPO TRILHO, REFERÊNCIA FABRIL 219690, APLICAÇÃO CARABINA HK G36, CALIBRE 5,5 X 45 MM, CARACTERÍSTICAS ADICIONAIS ENCAIXE DE MIRA ÓPTICA",10: ARMAMENTO                                                                                                               ,1005: ARMAS DE FOGO DE CALIBRE ATÉ 30MM                                                                                       ,01712: PEÇAS / ACESSÓRIOS ARMAMENTO                                                                        ,Ativo,Não
291133,"PEÇAS / ACESSÓRIOS ARMAMENTO , MATERIAL POLÍMERO, TIPO GUARDA-MÃO, REFERÊNCIA FABRIL 999018, APLICAÇÃO SUBMETRALHADORA HK MP5A5, CALIBRE 9 X 19 MM, CARACTERÍSTICAS ADICIONAIS COM LANTERNA MODELO 628",10: ARMAMENTO                                                                                                               ,1005: ARMAS DE FOGO DE CALIBRE ATÉ 30MM                                                                                       ,01712: PEÇAS / ACESSÓRIOS ARMAMENTO                                                                        ,Ativo,Não
300350,"CARREGADOR MUNIÇÃO , MATERIAL AÇO, TIPO COFRE, REFERÊNCIA PISTOLA TAURUS PT100, APLICAÇÃO PISTOLA TAURUS .40 S&W, FUNÇÃO ALOJAR CARTUCHOS DE MUNIÇÃOE MUNICIAR A ARMA, QUANTIDADE MUNIÇÃO 11 CARTUCHOS",10: ARMAMENTO                                                                                                               ,1005: ARMAS DE FOGO DE CALIBRE ATÉ 30MM                                                                                       ,15002: CARREGADOR MUNIÇÃO                                                                                  ,Ativo,Não
304741,"ESPARGIDOR DEFENSIVO , TIPO SPRAY, MATERIAL EMBALAGEM ALUMÍNIO, PRINCÍPIO ATIVO AGENTE PIMENTA, ALCANCE 1,5 M, APLICAÇÃO TREINAMENTO MILITAR",10: ARMAMENTO                                                                                                               ,1040: ARMAMENTO E EQUIPAMENTOS DE GUERRA QUÍMICA                                                                              ,17996: ESPARGIDOR DEFENSIVO                                                                                ,Ativo,Não
309082,"REDE DE NEBLINA , MATERIAL SEDA E NYLON, COMPRIMENTO 7 M, LARGURA 3 M, TAMANHO TRAMA 20 MM, COR PRETA, MODELO MIST NET, QUANTIDADE PRATELEIRAS 4 UN, APLICAÇÃO CAPTURA DE MORCEGO HEMATÓFAGO",10: ARMAMENTO                                                                                                               ,1080: EQUIPAMENTOS DE CAMUFLAGEM E DE DISSIMULAÇÃO                                                                            ,11501: REDE DE NEBLINA                                                                                     ,Inativo,Não
339290,"ESTOJO PORTA CARREGADOR , MATERIAL COURO VACUM, DIMENSÕES 14 X 10 CM, COR BRANCO, CAPACIDADE 02 CARREGADORES, APLICAÇÃO PISTOLA TAURUS/BERETA 9MM, CARACTERÍSTICAS ADICIONAIS FECHO COM BOTÃO DE PRESSÃO, REBITES E GANCHO",10: ARMAMENTO                                                                                                               ,1005: ARMAS DE FOGO DE CALIBRE ATÉ 30MM                                                                                       ,15003: ESTOJO PORTA CARREGADOR                                                                             ,Ativo,Não
340542,"ESPARGIDOR DEFENSIVO , TIPO SPRAY, MATERIAL EMBALAGEM ALUMÍNIO, PRINCÍPIO ATIVO AGENTE PIMENTA, ALCANCE 1 M, APLICAÇÃO TREINAMENTO MILITAR",10: ARMAMENTO                                                                                                               ,1040: ARMAMENTO E EQUIPAMENTOS DE GUERRA QUÍMICA                                                                              ,17996: ESPARGIDOR DEFENSIVO                                                                                ,Ativo,Não
355866,"ESTOJO PORTA CARREGADOR , MATERIAL POLÍMERO, DIMENSÕES 10 X 10,50 CM, COR PRETA, CAPACIDADE 02 CARREGADORES, APLICAÇÃO PISTOLA CALIBRE .40 E 9MM, CARACTERÍSTICAS ADICIONAIS FIXAÇÃO: ABAS EM FORMA DE PÁ/REBITES/TRAVA PRESSÃO",10: ARMAMENTO                                                                                                               ,1005: ARMAS DE FOGO DE CALIBRE ATÉ 30MM                                                                                       ,15003: ESTOJO PORTA CARREGADOR                                                                             ,Ativo,Não
359171,"BANDOLEIRA , MATERIAL CADARÇO DE NYLON, APLICAÇÃO TRANSPORTE FUZIL M-16 A2",10: ARMAMENTO                                                                                                               ,1005: ARMAS DE FOGO DE CALIBRE ATÉ 30MM                                                                                       ,14125: BANDOLEIRA                                                                                          ,Ativo,Não
361337,"ESTOJO PORTA CARREGADOR , MATERIAL POLÍMERO, COR PRETA, CAPACIDADE 02 CARREGADORES, APLICAÇÃO CINTURA, CARACTERÍSTICAS ADICIONAIS CARREGADOR PISTOLA 380/SEM TRAVA",10: ARMAMENTO                                                                                                               ,1005: ARMAS DE FOGO DE CALIBRE ATÉ 30MM                                                                                       ,15003: ESTOJO PORTA CARREGADOR                                                                             ,Ativo,Não
376320,"BANDOLEIRA , MATERIAL NÁILON, COR VERDE-OLIVA, CARACTERÍSTICAS ADICIONAIS 3 PONTOS E OMBREIRA",10: ARMAMENTO                                                                                                               ,1005: ARMAS DE FOGO DE CALIBRE ATÉ 30MM                                                                                       ,14125: BANDOLEIRA                                                                                          ,Ativo,Não
388553,"BANDOLEIRA , MATERIAL NÁILON, COR PRETA, CARACTERÍSTICAS ADICIONAIS 1 PONTO, PASSADORES ACW, CABO ELÁSTICO, TRAVA, LARGURA 1 1/2 POL",10: ARMAMENTO                                                                                                               ,1005: ARMAS DE FOGO DE CALIBRE ATÉ 30MM                                                                                       ,14125: BANDOLEIRA                                                                                          ,Ativo,Não
397480,"BANDOLEIRA , MATERIAL NÁILON, APLICAÇÃO ESPINGARDA BOITO PUMP CAL 12, COR PRETA, CARACTERÍSTICAS ADICIONAIS 3 PONTOS EMPUNHADURA PISTOL GRIP",10: ARMAMENTO                                                                                                               ,1005: ARMAS DE FOGO DE CALIBRE ATÉ 30MM                                                                                       ,14125: BANDOLEIRA                                                                                          ,Ativo,Não
398355,"ESPARGIDOR DEFENSIVO , TIPO SPRAY, MATERIAL EMBALAGEM CILÍNDRICO DE ALUMÍNIO, PRINCÍPIO ATIVO AGENTE RESINA VEGETAL, ALCANCE 3 M, APLICAÇÃO CONTROLE DE DISTÚRBIOS CIVIS",10: ARMAMENTO                                                                                                               ,1040: ARMAMENTO E EQUIPAMENTOS DE GUERRA QUÍMICA                                                                              ,17996: ESPARGIDOR DEFENSIVO                                                                                ,Ativo,Não
398356,"ESPARGIDOR DEFENSIVO , TIPO SPRAY, MATERIAL EMBALAGEM CILÍNDRICO DE ALUMÍNIO, PRINCÍPIO ATIVO AGENTE RESINA VEGETAL COM PIGMENTO AMARELO, ALCANCE 3 M, APLICAÇÃO CONTROLE DE DISTÚRBIOS CIVIS",10: ARMAMENTO                                                                                                               ,1040: ARMAMENTO E EQUIPAMENTOS DE GUERRA QUÍMICA                                                                              ,17996: ESPARGIDOR DEFENSIVO                                                                                ,Ativo,Não
398359,"ESPARGIDOR DEFENSIVO , TIPO SPRAY, MATERIAL EMBALAGEM CILÍNDRICO DE ALUMÍNIO, PRINCÍPIO ATIVO AGENTE RESINA VEGETAL COM SANGRE, ALCANCE 3 M, APLICAÇÃO CONTROLE DE DISTÚRBIOS CIVIS",10: ARMAMENTO                                                                                                               ,1040: ARMAMENTO E EQUIPAMENTOS DE GUERRA QUÍMICA                                                                              ,17996: ESPARGIDOR DEFENSIVO                                                                                ,Ativo,Não
404598,"PEÇAS / ACESSÓRIOS ARMAMENTO , TIPO ALAVANCA DE DESMONTAGEM, REFERÊNCIA FABRIL 36123480, APLICAÇÃO PISTOLA TAURUS 24/7 - 40 MM",10: ARMAMENTO                                                                                                               ,1005: ARMAS DE FOGO DE CALIBRE ATÉ 30MM                                                                                       ,01712: PEÇAS / ACESSÓRIOS ARMAMENTO                                                                        ,Ativo,Não
404599,"PEÇAS / ACESSÓRIOS ARMAMENTO , TIPO CUNJUNTO DE MOLA, REFERÊNCIA FABRIL 36100323, APLICAÇÃO PISTOLA TAURUS 24/7 - 40 MM",10: ARMAMENTO                                                                                                               ,1005: ARMAS DE FOGO DE CALIBRE ATÉ 30MM                                                                                       ,01712: PEÇAS / ACESSÓRIOS ARMAMENTO                                                                        ,Ativo,Não
413765,"PEÇAS / ACESSÓRIOS ARMAMENTO , MATERIAL CARBONO, TIPO PUNHO COM CAPA PRETA, REFERÊNCIA FABRIL 26050080",10: ARMAMENTO                                                                                                               ,1005: ARMAS DE FOGO DE CALIBRE ATÉ 30MM                                                                                       ,01712: PEÇAS / ACESSÓRIOS ARMAMENTO                                                                        ,Inativo,Não
413766,"PEÇAS / ACESSÓRIOS ARMAMENTO , MATERIAL CARBONO, TIPO PUNHO COM CAPA PRETA, REFERÊNCIA FABRIL 26050080, APLICAÇÃO PISTOLA TAURUS",10: ARMAMENTO                                                                                                               ,1005: ARMAS DE FOGO DE CALIBRE ATÉ 30MM                                                                                       ,01712: PEÇAS / ACESSÓRIOS ARMAMENTO                                                                        ,Ativo,Não
413767,"PEÇAS / ACESSÓRIOS ARMAMENTO , MATERIAL CARBONO, TIPO CANO, REFERÊNCIA FABRIL 26004593, APLICAÇÃO PISTOLA TAURUS",10: ARMAMENTO                                                                                                               ,1005: ARMAS DE FOGO DE CALIBRE ATÉ 30MM                                                                                       ,01712: PEÇAS / ACESSÓRIOS ARMAMENTO                                                                        ,Ativo,Não
418826,"REDE DE NEBLINA , MATERIAL SEDA E NYLON, COMPRIMENTO 6 M, LARGURA 3 M, TAMANHO TRAMA 15 MM, COR PRETA",10: ARMAMENTO                                                                                                               ,1080: EQUIPAMENTOS DE CAMUFLAGEM E DE DISSIMULAÇÃO                                                                            ,11501: REDE DE NEBLINA                                                                                     ,Ativo,Não
418832,"REDE DE NEBLINA , MATERIAL SEDA E NYLON, COMPRIMENTO 12 M, LARGURA 2,5 M, TAMANHO TRAMA 15 MM, COR PRETA",10: ARMAMENTO                                                                                                               ,1080: EQUIPAMENTOS DE CAMUFLAGEM E DE DISSIMULAÇÃO                                                                            ,11501: REDE DE NEBLINA                                                                                     ,Ativo,Não
419781,"REDE DE NEBLINA , MATERIAL SEDA E NYLON, COMPRIMENTO 12 M, LARGURA 3 M, TAMANHO TRAMA 15 MM, COR PRETA",10: ARMAMENTO                                                                                                               ,1080: EQUIPAMENTOS DE CAMUFLAGEM E DE DISSIMULAÇÃO                                                                            ,11501: REDE DE NEBLINA                                                                                     ,Ativo,Não
424831,"CARREGADOR MUNIÇÃO , MATERIAL AÇO, TIPO COFRE, APLICAÇÃO RIFLE 6 MM, QUANTIDADE MUNIÇÃO 10 CARTUCHOS",10: ARMAMENTO                                                                                                               ,1005: ARMAS DE FOGO DE CALIBRE ATÉ 30MM                                                                                       ,15002: CARREGADOR MUNIÇÃO                                                                                  ,Ativo,Não
438970,"FACA OPERAÇÃO TÁTICA , MATERIAL LÂMINA AÇO CARBONO (LIGA AISI 1070), TÊMPERA LÂMINA AUSTÊMPERA, APLICAÇÃO COMANDO OPERAÇÕES TÁTICAS, CARACTERÍSTICAS ADICIONAIS PARTES METÁLICAS PROTEGIDAS POR FOSFATIZAÇÃO, MATERIAL CABO POLIAMIDA, MATERIAL BAINHA EXTERIOR POLIAMIDA, COMPRIMENTO FIO LÂMINA 178 MM, ESPESSURA LÂMINA 4,50 MM",10: ARMAMENTO                                                                                                               ,1095: ARMAMENTOS DIVERSOS                                                                                                     ,14174: FACA OPERAÇÃO TÁTICA                                                                                ,Ativo,Não
